food_id,allergy_id
100721,1
100723,1
100743,1
100922,1
100001,3
100002,3
100003,3
100004,3
100005,3
100007,3
100008,3
100009,3
100013,3
100014,3
100015,3
100017,3
100026,3
100029,3
100033,3
100034,3
100036,3
100038,3
100043,3
100044,3
100045,3
100046,3
100048,3
100049,3
100051,3
100054,3
100056,3
100057,3
100059,3
100063,3
100066,3
100067,3
100068,3
100070,3
100074,3
100075,3
100076,3
100078,3
100079,3
100080,3
100084,3
100090,3
100093,3
100095,3
100101,3
100102,3
100109,3
100114,3
100117,3
100118,3
100119,3
100122,3
100125,3
100127,3
100128,3
100129,3
100130,3
100131,3
100132,3
100133,3
100142,3
100144,3
100148,3
100149,3
100151,3
100153,3
100154,3
100155,3
100157,3
100166,3
100168,3
100169,3
100173,3
100189,3
100190,3
100193,3
100194,3
100196,3
100197,3
100198,3
100204,3
100206,3
100207,3
100208,3
100209,3
100211,3
100213,3
100215,3
100223,3
100224,3
100231,3
100232,3
100234,3
100240,3
100244,3
100245,3
100246,3
100248,3
100249,3
100254,3
100256,3
100257,3
100259,3
100262,3
100268,3
100270,3
100272,3
100273,3
100275,3
100276,3
100277,3
100278,3
100279,3
100280,3
100282,3
100284,3
100287,3
100288,3
100289,3
100290,3
100292,3
100294,3
100295,3
100297,3
100300,3
100302,3
100304,3
100309,3
100310,3
100311,3
100312,3
100314,3
100318,3
100319,3
100325,3
100329,3
100337,3
100338,3
100339,3
100340,3
100342,3
100343,3
100344,3
100345,3
100346,3
100347,3
100348,3
100349,3
100350,3
100351,3
100352,3
100353,3
100354,3
100355,3
100356,3
100357,3
100359,3
100361,3
100362,3
100363,3
100365,3
100366,3
100368,3
100369,3
100370,3
100371,3
100372,3
100373,3
100374,3
100375,3
100376,3
100377,3
100378,3
100379,3
100380,3
100381,3
100382,3
100383,3
100385,3
100386,3
100388,3
100389,3
100390,3
100391,3
100393,3
100395,3
100396,3
100397,3
100399,3
100400,3
100401,3
100402,3
100403,3
100404,3
100405,3
100406,3
100409,3
100411,3
100413,3
100414,3
100415,3
100416,3
100417,3
100418,3
100419,3
100420,3
100422,3
100423,3
100424,3
100427,3
100431,3
100433,3
100441,3
100442,3
100444,3
100450,3
100469,3
100471,3
100475,3
100478,3
100480,3
100484,3
100488,3
100495,3
100501,3
100502,3
100507,3
100524,3
100526,3
100540,3
100543,3
100549,3
100555,3
100559,3
100570,3
100572,3
100588,3
100592,3
100596,3
100597,3
100599,3
100600,3
100605,3
100608,3
100611,3
100616,3
100617,3
100618,3
100619,3
100620,3
100622,3
100623,3
100625,3
100627,3
100628,3
100630,3
100633,3
100645,3
100648,3
100649,3
100650,3
100652,3
100653,3
100661,3
100669,3
100670,3
100673,3
100675,3
100680,3
100689,3
100690,3
100691,3
100692,3
100693,3
100694,3
100695,3
100696,3
100697,3
100698,3
100699,3
100700,3
100701,3
100702,3
100703,3
100704,3
100705,3
100706,3
100708,3
100709,3
100710,3
100711,3
100712,3
100713,3
100714,3
100715,3
100716,3
100717,3
100718,3
100719,3
100722,3
100724,3
100725,3
100726,3
100727,3
100728,3
100730,3
100732,3
100733,3
100734,3
100736,3
100737,3
100738,3
100739,3
100740,3
100741,3
100742,3
100744,3
100745,3
100747,3
100750,3
100751,3
100754,3
100755,3
100758,3
100759,3
100760,3
100764,3
100767,3
100769,3
100771,3
100775,3
100776,3
100777,3
100779,3
100780,3
100781,3
100782,3
100786,3
100791,3
100809,3
100822,3
100824,3
100827,3
100830,3
100832,3
100833,3
100837,3
100838,3
100839,3
100846,3
100849,3
100850,3
100854,3
100856,3
100857,3
100859,3
100861,3
100862,3
100864,3
100868,3
100870,3
100871,3
100872,3
100874,3
100877,3
100879,3
100880,3
100881,3
100883,3
100887,3
100895,3
100898,3
100906,3
100907,3
100918,3
100924,3
100928,3
100931,3
100940,3
100941,3
100942,3
100946,3
100952,3
100957,3
100959,3
100962,3
100963,3
100969,3
100974,3
100975,3
100976,3
100977,3
101008,3
101033,3
101045,3
101048,3
101049,3
101050,3
101051,3
101053,3
101054,3
101055,3
101056,3
101057,3
101059,3
101061,3
101062,3
101064,3
101065,3
101066,3
101068,3
101071,3
101072,3
101077,3
101079,3
101084,3
101086,3
101087,3
101088,3
101092,3
101094,3
101095,3
101099,3
101107,3
101114,3
101116,3
101121,3
101138,3
101139,3
101148,3
101151,3
100302,4
100337,4
100338,4
100342,4
100504,4
100585,4
100718,4
100759,4
100821,4
100885,4
101146,4
100001,5
100002,5
100004,5
100005,5
100008,5
100009,5
100012,5
100013,5
100014,5
100015,5
100016,5
100017,5
100019,5
100021,5
100022,5
100026,5
100027,5
100029,5
100030,5
100032,5
100033,5
100034,5
100036,5
100038,5
100044,5
100045,5
100048,5
100049,5
100051,5
100052,5
100054,5
100057,5
100059,5
100063,5
100066,5
100067,5
100068,5
100071,5
100073,5
100074,5
100075,5
100076,5
100077,5
100078,5
100079,5
100080,5
100084,5
100090,5
100093,5
100095,5
100097,5
100098,5
100101,5
100102,5
100107,5
100109,5
100111,5
100115,5
100117,5
100119,5
100122,5
100124,5
100125,5
100127,5
100128,5
100129,5
100130,5
100131,5
100132,5
100133,5
100134,5
100142,5
100144,5
100147,5
100148,5
100149,5
100151,5
100153,5
100154,5
100155,5
100157,5
100166,5
100168,5
100169,5
100173,5
100190,5
100192,5
100193,5
100194,5
100196,5
100197,5
100198,5
100204,5
100206,5
100207,5
100208,5
100209,5
100213,5
100215,5
100223,5
100224,5
100228,5
100231,5
100234,5
100242,5
100245,5
100248,5
100249,5
100254,5
100256,5
100257,5
100259,5
100262,5
100267,5
100268,5
100270,5
100271,5
100272,5
100274,5
100275,5
100276,5
100278,5
100279,5
100280,5
100282,5
100284,5
100287,5
100288,5
100289,5
100290,5
100292,5
100294,5
100295,5
100297,5
100300,5
100302,5
100309,5
100310,5
100311,5
100312,5
100314,5
100322,5
100325,5
100329,5
100337,5
100338,5
100339,5
100340,5
100341,5
100342,5
100343,5
100344,5
100345,5
100346,5
100347,5
100348,5
100349,5
100350,5
100351,5
100352,5
100354,5
100355,5
100356,5
100357,5
100359,5
100360,5
100361,5
100362,5
100363,5
100364,5
100365,5
100366,5
100368,5
100369,5
100370,5
100371,5
100372,5
100373,5
100374,5
100375,5
100376,5
100377,5
100378,5
100379,5
100380,5
100381,5
100382,5
100383,5
100385,5
100386,5
100387,5
100388,5
100389,5
100390,5
100391,5
100393,5
100395,5
100396,5
100397,5
100399,5
100400,5
100401,5
100402,5
100403,5
100404,5
100405,5
100406,5
100409,5
100410,5
100413,5
100414,5
100416,5
100417,5
100418,5
100419,5
100420,5
100422,5
100423,5
100427,5
100431,5
100433,5
100441,5
100442,5
100444,5
100450,5
100471,5
100473,5
100475,5
100478,5
100480,5
100486,5
100488,5
100492,5
100493,5
100502,5
100507,5
100510,5
100513,5
100526,5
100540,5
100554,5
100557,5
100582,5
100585,5
100588,5
100589,5
100593,5
100596,5
100597,5
100599,5
100609,5
100616,5
100617,5
100620,5
100625,5
100628,5
100633,5
100648,5
100649,5
100653,5
100661,5
100669,5
100670,5
100673,5
100675,5
100680,5
100685,5
100689,5
100690,5
100691,5
100692,5
100693,5
100694,5
100695,5
100696,5
100697,5
100698,5
100699,5
100700,5
100701,5
100702,5
100703,5
100704,5
100705,5
100707,5
100708,5
100709,5
100710,5
100711,5
100712,5
100713,5
100714,5
100716,5
100717,5
100718,5
100719,5
100721,5
100722,5
100723,5
100724,5
100725,5
100726,5
100727,5
100729,5
100730,5
100732,5
100733,5
100735,5
100736,5
100737,5
100738,5
100739,5
100740,5
100741,5
100742,5
100743,5
100744,5
100745,5
100746,5
100747,5
100750,5
100751,5
100752,5
100753,5
100754,5
100755,5
100757,5
100758,5
100759,5
100760,5
100761,5
100767,5
100769,5
100770,5
100771,5
100774,5
100775,5
100776,5
100777,5
100779,5
100780,5
100781,5
100782,5
100785,5
100786,5
100791,5
100809,5
100821,5
100822,5
100824,5
100827,5
100832,5
100833,5
100837,5
100838,5
100839,5
100842,5
100846,5
100849,5
100850,5
100853,5
100854,5
100856,5
100857,5
100859,5
100861,5
100862,5
100864,5
100868,5
100869,5
100870,5
100872,5
100877,5
100879,5
100880,5
100881,5
100883,5
100884,5
100887,5
100922,5
100936,5
100942,5
100946,5
100952,5
100957,5
100962,5
100975,5
101049,5
101050,5
101054,5
101056,5
101057,5
101058,5
101059,5
101061,5
101062,5
101064,5
101065,5
101066,5
101068,5
101071,5
101072,5
101074,5
101077,5
101079,5
101084,5
101086,5
101088,5
101089,5
101092,5
101094,5
101095,5
101098,5
101099,5
101103,5
101108,5
101138,5
101143,5
101144,5
101145,5
101146,5
101154,5
100001,6
100002,6
100004,6
100005,6
100006,6
100007,6
100008,6
100010,6
100015,6
100016,6
100017,6
100019,6
100021,6
100022,6
100026,6
100027,6
100029,6
100032,6
100036,6
100038,6
100043,6
100044,6
100045,6
100048,6
100049,6
100051,6
100052,6
100054,6
100057,6
100063,6
100065,6
100066,6
100067,6
100068,6
100073,6
100074,6
100075,6
100078,6
100079,6
100080,6
100084,6
100085,6
100089,6
100090,6
100093,6
100095,6
100097,6
100098,6
100101,6
100106,6
100108,6
100111,6
100115,6
100117,6
100118,6
100119,6
100122,6
100124,6
100129,6
100130,6
100131,6
100132,6
100133,6
100142,6
100144,6
100147,6
100148,6
100149,6
100150,6
100151,6
100152,6
100153,6
100154,6
100155,6
100157,6
100160,6
100166,6
100168,6
100169,6
100181,6
100190,6
100193,6
100194,6
100196,6
100197,6
100204,6
100206,6
100207,6
100208,6
100213,6
100215,6
100223,6
100224,6
100231,6
100232,6
100233,6
100234,6
100236,6
100244,6
100245,6
100253,6
100254,6
100256,6
100257,6
100259,6
100262,6
100267,6
100268,6
100270,6
100272,6
100273,6
100274,6
100275,6
100277,6
100278,6
100279,6
100282,6
100284,6
100287,6
100288,6
100289,6
100290,6
100294,6
100295,6
100297,6
100300,6
100302,6
100309,6
100310,6
100311,6
100312,6
100316,6
100318,6
100319,6
100329,6
100337,6
100338,6
100339,6
100340,6
100341,6
100342,6
100343,6
100344,6
100345,6
100346,6
100347,6
100348,6
100349,6
100350,6
100351,6
100353,6
100354,6
100355,6
100356,6
100357,6
100359,6
100360,6
100361,6
100363,6
100364,6
100365,6
100366,6
100368,6
100369,6
100370,6
100371,6
100372,6
100373,6
100374,6
100375,6
100376,6
100377,6
100378,6
100379,6
100380,6
100381,6
100382,6
100383,6
100385,6
100386,6
100387,6
100388,6
100389,6
100390,6
100391,6
100393,6
100395,6
100396,6
100397,6
100399,6
100400,6
100401,6
100403,6
100404,6
100405,6
100406,6
100408,6
100409,6
100410,6
100411,6
100412,6
100413,6
100414,6
100415,6
100416,6
100417,6
100418,6
100419,6
100420,6
100422,6
100423,6
100427,6
100431,6
100433,6
100441,6
100442,6
100444,6
100450,6
100452,6
100469,6
100473,6
100481,6
100484,6
100486,6
100488,6
100492,6
100495,6
100502,6
100504,6
100507,6
100513,6
100521,6
100522,6
100524,6
100526,6
100543,6
100549,6
100555,6
100559,6
100570,6
100572,6
100585,6
100589,6
100593,6
100597,6
100600,6
100605,6
100608,6
100609,6
100610,6
100611,6
100617,6
100618,6
100619,6
100620,6
100623,6
100625,6
100627,6
100630,6
100633,6
100645,6
100648,6
100652,6
100663,6
100670,6
100673,6
100675,6
100685,6
100687,6
100689,6
100690,6
100691,6
100692,6
100693,6
100694,6
100695,6
100696,6
100697,6
100698,6
100699,6
100700,6
100701,6
100702,6
100703,6
100704,6
100705,6
100706,6
100707,6
100708,6
100709,6
100710,6
100711,6
100712,6
100714,6
100716,6
100719,6
100722,6
100723,6
100724,6
100725,6
100726,6
100727,6
100728,6
100729,6
100730,6
100732,6
100733,6
100734,6
100735,6
100737,6
100738,6
100740,6
100741,6
100742,6
100743,6
100744,6
100747,6
100751,6
100752,6
100754,6
100755,6
100757,6
100758,6
100759,6
100760,6
100761,6
100764,6
100767,6
100769,6
100770,6
100774,6
100775,6
100776,6
100777,6
100779,6
100780,6
100781,6
100782,6
100785,6
100786,6
100791,6
100809,6
100821,6
100822,6
100824,6
100827,6
100830,6
100833,6
100837,6
100838,6
100839,6
100842,6
100846,6
100850,6
100854,6
100855,6
100856,6
100857,6
100859,6
100861,6
100862,6
100864,6
100868,6
100869,6
100870,6
100872,6
100877,6
100879,6
100880,6
100881,6
100883,6
100884,6
100922,6
100936,6
100942,6
100952,6
100957,6
100962,6
100975,6
101003,6
101004,6
101005,6
101007,6
101008,6
101009,6
101011,6
101024,6
101025,6
101026,6
101031,6
101043,6
101045,6
101049,6
101051,6
101052,6
101054,6
101055,6
101056,6
101057,6
101058,6
101059,6
101061,6
101062,6
101064,6
101065,6
101067,6
101068,6
101071,6
101072,6
101074,6
101077,6
101084,6
101086,6
101089,6
101092,6
101095,6
101099,6
101100,6
101103,6
101108,6
101138,6
101143,6
101144,6
101145,6
101154,6
100001,7
100002,7
100004,7
100005,7
100006,7
100008,7
100009,7
100010,7
100013,7
100014,7
100015,7
100016,7
100017,7
100019,7
100020,7
100021,7
100022,7
100023,7
100026,7
100027,7
100029,7
100030,7
100032,7
100033,7
100034,7
100035,7
100036,7
100038,7
100043,7
100044,7
100045,7
100048,7
100049,7
100051,7
100052,7
100054,7
100057,7
100059,7
100063,7
100066,7
100067,7
100068,7
100071,7
100073,7
100074,7
100075,7
100076,7
100077,7
100078,7
100080,7
100083,7
100084,7
100085,7
100089,7
100090,7
100093,7
100095,7
100097,7
100101,7
100102,7
100103,7
100106,7
100107,7
100108,7
100109,7
100111,7
100114,7
100115,7
100117,7
100118,7
100122,7
100124,7
100126,7
100127,7
100128,7
100129,7
100130,7
100131,7
100132,7
100133,7
100134,7
100142,7
100144,7
100147,7
100148,7
100149,7
100150,7
100151,7
100152,7
100153,7
100154,7
100155,7
100157,7
100160,7
100166,7
100168,7
100169,7
100173,7
100189,7
100190,7
100192,7
100193,7
100196,7
100197,7
100199,7
100204,7
100206,7
100207,7
100208,7
100209,7
100211,7
100213,7
100215,7
100223,7
100224,7
100228,7
100231,7
100232,7
100234,7
100240,7
100241,7
100242,7
100244,7
100248,7
100249,7
100254,7
100256,7
100257,7
100259,7
100262,7
100268,7
100270,7
100271,7
100272,7
100273,7
100275,7
100276,7
100278,7
100279,7
100282,7
100283,7
100284,7
100287,7
100289,7
100290,7
100292,7
100294,7
100295,7
100297,7
100300,7
100302,7
100304,7
100309,7
100310,7
100311,7
100312,7
100314,7
100316,7
100318,7
100319,7
100322,7
100325,7
100329,7
100337,7
100338,7
100339,7
100340,7
100341,7
100342,7
100343,7
100344,7
100345,7
100346,7
100347,7
100348,7
100349,7
100350,7
100351,7
100352,7
100353,7
100354,7
100355,7
100356,7
100357,7
100359,7
100360,7
100361,7
100362,7
100363,7
100365,7
100366,7
100368,7
100369,7
100370,7
100371,7
100372,7
100373,7
100374,7
100375,7
100376,7
100377,7
100378,7
100379,7
100380,7
100381,7
100382,7
100383,7
100385,7
100386,7
100388,7
100389,7
100390,7
100391,7
100393,7
100394,7
100395,7
100396,7
100397,7
100399,7
100400,7
100401,7
100402,7
100403,7
100404,7
100405,7
100406,7
100407,7
100409,7
100410,7
100413,7
100414,7
100416,7
100417,7
100418,7
100419,7
100420,7
100422,7
100423,7
100427,7
100431,7
100433,7
100441,7
100442,7
100450,7
100472,7
100488,7
100492,7
100502,7
100507,7
100510,7
100526,7
100540,7
100554,7
100559,7
100572,7
100582,7
100589,7
100593,7
100597,7
100617,7
100625,7
100648,7
100658,7
100670,7
100673,7
100675,7
100685,7
100689,7
100690,7
100691,7
100692,7
100693,7
100694,7
100695,7
100696,7
100697,7
100698,7
100699,7
100700,7
100701,7
100702,7
100703,7
100704,7
100705,7
100706,7
100707,7
100708,7
100709,7
100710,7
100711,7
100712,7
100713,7
100714,7
100716,7
100717,7
100718,7
100719,7
100721,7
100722,7
100723,7
100724,7
100725,7
100726,7
100727,7
100728,7
100729,7
100730,7
100732,7
100733,7
100734,7
100735,7
100736,7
100737,7
100738,7
100739,7
100740,7
100741,7
100742,7
100743,7
100744,7
100745,7
100747,7
100750,7
100751,7
100752,7
100753,7
100754,7
100755,7
100756,7
100758,7
100759,7
100760,7
100761,7
100764,7
100767,7
100769,7
100770,7
100771,7
100775,7
100776,7
100777,7
100779,7
100780,7
100781,7
100782,7
100785,7
100786,7
100791,7
100809,7
100821,7
100822,7
100824,7
100827,7
100828,7
100830,7
100832,7
100833,7
100837,7
100838,7
100839,7
100846,7
100848,7
100849,7
100850,7
100853,7
100854,7
100856,7
100857,7
100859,7
100861,7
100862,7
100864,7
100868,7
100869,7
100870,7
100872,7
100874,7
100877,7
100879,7
100880,7
100881,7
100883,7
100887,7
100898,7
100922,7
100936,7
100941,7
100942,7
100946,7
100952,7
100957,7
100962,7
100975,7
100992,7
100995,7
100998,7
100999,7
101048,7
101049,7
101050,7
101052,7
101053,7
101054,7
101055,7
101056,7
101057,7
101058,7
101059,7
101061,7
101065,7
101066,7
101068,7
101069,7
101073,7
101074,7
101077,7
101084,7
101085,7
101086,7
101087,7
101092,7
101094,7
101095,7
101096,7
101098,7
101099,7
101100,7
101103,7
101108,7
101138,7
101143,7
101144,7
101145,7
101146,7
101154,7
100001,8
100002,8
100003,8
100004,8
100005,8
100006,8
100007,8
100008,8
100009,8
100010,8
100012,8
100013,8
100014,8
100015,8
100016,8
100017,8
100018,8
100019,8
100020,8
100021,8
100022,8
100023,8
100026,8
100027,8
100029,8
100030,8
100032,8
100033,8
100034,8
100036,8
100037,8
100038,8
100043,8
100044,8
100045,8
100046,8
100048,8
100049,8
100051,8
100052,8
100053,8
100054,8
100056,8
100057,8
100059,8
100062,8
100063,8
100065,8
100066,8
100067,8
100068,8
100070,8
100071,8
100072,8
100073,8
100075,8
100076,8
100078,8
100079,8
100080,8
100082,8
100084,8
100085,8
100090,8
100093,8
100095,8
100097,8
100100,8
100101,8
100102,8
100103,8
100105,8
100106,8
100107,8
100108,8
100109,8
100111,8
100113,8
100114,8
100115,8
100117,8
100118,8
100119,8
100122,8
100124,8
100125,8
100126,8
100127,8
100128,8
100129,8
100130,8
100131,8
100132,8
100133,8
100134,8
100136,8
100142,8
100144,8
100147,8
100148,8
100149,8
100150,8
100151,8
100152,8
100153,8
100154,8
100155,8
100157,8
100160,8
100166,8
100168,8
100169,8
100173,8
100181,8
100189,8
100190,8
100191,8
100193,8
100194,8
100195,8
100196,8
100197,8
100198,8
100203,8
100204,8
100206,8
100207,8
100208,8
100210,8
100211,8
100213,8
100215,8
100216,8
100218,8
100220,8
100221,8
100224,8
100227,8
100228,8
100230,8
100231,8
100232,8
100234,8
100238,8
100239,8
100241,8
100242,8
100244,8
100245,8
100247,8
100249,8
100250,8
100251,8
100253,8
100254,8
100257,8
100258,8
100259,8
100262,8
100265,8
100268,8
100270,8
100271,8
100272,8
100273,8
100275,8
100276,8
100277,8
100278,8
100279,8
100282,8
100283,8
100284,8
100287,8
100288,8
100289,8
100290,8
100291,8
100292,8
100293,8
100294,8
100295,8
100296,8
100297,8
100300,8
100302,8
100309,8
100310,8
100311,8
100312,8
100314,8
100316,8
100318,8
100319,8
100322,8
100323,8
100325,8
100329,8
100337,8
100338,8
100339,8
100340,8
100342,8
100344,8
100346,8
100347,8
100348,8
100350,8
100351,8
100353,8
100355,8
100356,8
100357,8
100358,8
100359,8
100360,8
100362,8
100365,8
100368,8
100369,8
100370,8
100371,8
100372,8
100373,8
100374,8
100376,8
100377,8
100378,8
100380,8
100381,8
100382,8
100383,8
100385,8
100387,8
100389,8
100390,8
100391,8
100393,8
100394,8
100395,8
100396,8
100399,8
100400,8
100401,8
100407,8
100410,8
100416,8
100417,8
100419,8
100420,8
100427,8
100441,8
100442,8
100471,8
100473,8
100475,8
100478,8
100480,8
100481,8
100486,8
100491,8
100493,8
100495,8
100502,8
100503,8
100504,8
100505,8
100507,8
100512,8
100513,8
100514,8
100515,8
100516,8
100521,8
100522,8
100524,8
100527,8
100529,8
100530,8
100531,8
100533,8
100535,8
100537,8
100540,8
100543,8
100545,8
100549,8
100554,8
100555,8
100557,8
100559,8
100562,8
100567,8
100568,8
100570,8
100571,8
100574,8
100582,8
100583,8
100584,8
100585,8
100589,8
100590,8
100594,8
100595,8
100596,8
100597,8
100598,8
100605,8
100608,8
100609,8
100610,8
100611,8
100617,8
100618,8
100619,8
100621,8
100625,8
100626,8
100627,8
100628,8
100630,8
100632,8
100633,8
100634,8
100636,8
100641,8
100643,8
100644,8
100646,8
100648,8
100650,8
100652,8
100653,8
100657,8
100660,8
100661,8
100666,8
100670,8
100672,8
100673,8
100675,8
100680,8
100688,8
100689,8
100690,8
100691,8
100692,8
100693,8
100694,8
100695,8
100696,8
100697,8
100698,8
100699,8
100700,8
100701,8
100702,8
100703,8
100704,8
100705,8
100706,8
100707,8
100708,8
100709,8
100710,8
100711,8
100712,8
100713,8
100714,8
100716,8
100717,8
100718,8
100719,8
100721,8
100722,8
100723,8
100724,8
100725,8
100726,8
100727,8
100728,8
100729,8
100730,8
100732,8
100733,8
100734,8
100735,8
100736,8
100737,8
100738,8
100739,8
100740,8
100741,8
100742,8
100743,8
100744,8
100745,8
100746,8
100747,8
100750,8
100751,8
100752,8
100753,8
100754,8
100755,8
100757,8
100758,8
100759,8
100761,8
100762,8
100764,8
100767,8
100769,8
100770,8
100771,8
100774,8
100775,8
100776,8
100777,8
100778,8
100779,8
100780,8
100781,8
100784,8
100785,8
100786,8
100791,8
100809,8
100819,8
100821,8
100822,8
100823,8
100824,8
100827,8
100830,8
100832,8
100833,8
100834,8
100835,8
100837,8
100838,8
100839,8
100846,8
100849,8
100850,8
100853,8
100854,8
100856,8
100857,8
100859,8
100861,8
100862,8
100863,8
100864,8
100865,8
100868,8
100869,8
100870,8
100872,8
100874,8
100875,8
100877,8
100879,8
100880,8
100881,8
100883,8
100884,8
100887,8
100898,8
100900,8
100905,8
100906,8
100911,8
100918,8
100922,8
100927,8
100936,8
100938,8
100940,8
100941,8
100942,8
100944,8
100946,8
100949,8
100951,8
100952,8
100954,8
100955,8
100957,8
100959,8
100960,8
100961,8
100962,8
100964,8
100967,8
100969,8
100970,8
100972,8
100973,8
100974,8
100975,8
100976,8
100978,8
100980,8
100982,8
100999,8
101003,8
101004,8
101006,8
101009,8
101011,8
101015,8
101017,8
101021,8
101024,8
101031,8
101035,8
101041,8
101044,8
101048,8
101049,8
101050,8
101051,8
101053,8
101054,8
101055,8
101056,8
101057,8
101058,8
101059,8
101061,8
101064,8
101065,8
101066,8
101067,8
101068,8
101072,8
101073,8
101074,8
101077,8
101079,8
101084,8
101085,8
101086,8
101087,8
101088,8
101089,8
101092,8
101094,8
101095,8
101096,8
101098,8
101099,8
101103,8
101105,8
101106,8
101107,8
101108,8
101112,8
101113,8
101114,8
101116,8
101122,8
101124,8
101125,8
101127,8
101129,8
101131,8
101137,8
101138,8
101139,8
101140,8
101141,8
101143,8
101144,8
101145,8
101146,8
101147,8
101148,8
101149,8
101152,8
101154,8
100001,9
100002,9
100004,9
100005,9
100006,9
100008,9
100009,9
100010,9
100012,9
100014,9
100015,9
100016,9
100017,9
100019,9
100021,9
100022,9
100023,9
100026,9
100027,9
100029,9
100032,9
100033,9
100034,9
100036,9
100038,9
100039,9
100043,9
100044,9
100045,9
100048,9
100049,9
100051,9
100052,9
100053,9
100054,9
100057,9
100059,9
100062,9
100063,9
100065,9
100066,9
100067,9
100068,9
100071,9
100073,9
100074,9
100075,9
100076,9
100077,9
100078,9
100080,9
100083,9
100084,9
100085,9
100089,9
100090,9
100093,9
100095,9
100098,9
100101,9
100102,9
100103,9
100106,9
100107,9
100108,9
100109,9
100111,9
100115,9
100117,9
100118,9
100119,9
100122,9
100124,9
100125,9
100126,9
100127,9
100128,9
100129,9
100130,9
100131,9
100132,9
100133,9
100142,9
100144,9
100147,9
100148,9
100149,9
100150,9
100151,9
100152,9
100153,9
100154,9
100155,9
100157,9
100160,9
100166,9
100168,9
100169,9
100173,9
100181,9
100190,9
100192,9
100193,9
100194,9
100196,9
100197,9
100204,9
100206,9
100207,9
100208,9
100213,9
100215,9
100223,9
100224,9
100228,9
100231,9
100232,9
100234,9
100244,9
100248,9
100249,9
100253,9
100254,9
100256,9
100257,9
100259,9
100262,9
100268,9
100270,9
100271,9
100272,9
100273,9
100275,9
100276,9
100278,9
100279,9
100282,9
100284,9
100287,9
100289,9
100292,9
100294,9
100295,9
100297,9
100302,9
100309,9
100310,9
100311,9
100312,9
100314,9
100316,9
100318,9
100319,9
100322,9
100329,9
100337,9
100338,9
100339,9
100340,9
100341,9
100342,9
100343,9
100344,9
100345,9
100346,9
100347,9
100348,9
100349,9
100350,9
100351,9
100352,9
100353,9
100354,9
100355,9
100356,9
100357,9
100359,9
100360,9
100361,9
100362,9
100363,9
100365,9
100366,9
100368,9
100369,9
100370,9
100371,9
100372,9
100373,9
100374,9
100375,9
100376,9
100377,9
100378,9
100379,9
100380,9
100381,9
100382,9
100383,9
100385,9
100386,9
100388,9
100389,9
100390,9
100391,9
100393,9
100395,9
100396,9
100397,9
100399,9
100400,9
100401,9
100402,9
100403,9
100404,9
100405,9
100406,9
100409,9
100410,9
100413,9
100414,9
100416,9
100417,9
100418,9
100419,9
100420,9
100422,9
100423,9
100427,9
100431,9
100433,9
100441,9
100442,9
100444,9
100450,9
100473,9
100487,9
100488,9
100502,9
100507,9
100535,9
100540,9
100543,9
100559,9
100597,9
100617,9
100625,9
100648,9
100670,9
100673,9
100675,9
100680,9
100690,9
100691,9
100692,9
100693,9
100695,9
100696,9
100697,9
100698,9
100699,9
100700,9
100702,9
100703,9
100704,9
100705,9
100706,9
100707,9
100708,9
100709,9
100710,9
100711,9
100712,9
100713,9
100714,9
100716,9
100718,9
100719,9
100721,9
100722,9
100723,9
100724,9
100726,9
100727,9
100728,9
100729,9
100730,9
100732,9
100733,9
100735,9
100736,9
100738,9
100739,9
100740,9
100742,9
100743,9
100745,9
100747,9
100750,9
100751,9
100752,9
100753,9
100754,9
100755,9
100756,9
100757,9
100758,9
100759,9
100760,9
100761,9
100764,9
100767,9
100769,9
100770,9
100771,9
100774,9
100775,9
100776,9
100777,9
100779,9
100780,9
100781,9
100786,9
100791,9
100809,9
100818,9
100821,9
100824,9
100827,9
100830,9
100833,9
100837,9
100838,9
100839,9
100846,9
100850,9
100853,9
100854,9
100856,9
100857,9
100859,9
100861,9
100862,9
100864,9
100868,9
100869,9
100870,9
100871,9
100872,9
100877,9
100879,9
100880,9
100881,9
100883,9
100887,9
100898,9
100922,9
100936,9
100941,9
100942,9
100946,9
100952,9
100957,9
100962,9
100975,9
101049,9
101050,9
101052,9
101053,9
101054,9
101055,9
101056,9
101057,9
101058,9
101059,9
101061,9
101064,9
101065,9
101066,9
101068,9
101073,9
101077,9
101084,9
101085,9
101086,9
101087,9
101089,9
101092,9
101094,9
101095,9
101096,9
101100,9
101103,9
101108,9
101138,9
101143,9
101144,9
101145,9
100001,10
100002,10
100004,10
100005,10
100008,10
100009,10
100010,10
100012,10
100013,10
100014,10
100015,10
100016,10
100017,10
100019,10
100021,10
100022,10
100023,10
100026,10
100027,10
100029,10
100030,10
100032,10
100033,10
100034,10
100036,10
100043,10
100044,10
100045,10
100048,10
100049,10
100051,10
100052,10
100054,10
100057,10
100059,10
100063,10
100066,10
100067,10
100071,10
100073,10
100074,10
100075,10
100076,10
100078,10
100080,10
100083,10
100084,10
100089,10
100090,10
100093,10
100095,10
100097,10
100098,10
100101,10
100102,10
100103,10
100105,10
100107,10
100109,10
100115,10
100117,10
100118,10
100122,10
100124,10
100125,10
100126,10
100127,10
100128,10
100129,10
100130,10
100131,10
100132,10
100133,10
100134,10
100142,10
100144,10
100147,10
100148,10
100149,10
100150,10
100151,10
100153,10
100154,10
100157,10
100166,10
100169,10
100173,10
100190,10
100193,10
100194,10
100196,10
100197,10
100198,10
100206,10
100207,10
100208,10
100213,10
100215,10
100224,10
100241,10
100242,10
100245,10
100272,10
100283,10
100287,10
100288,10
100292,10
100294,10
100302,10
100309,10
100310,10
100311,10
100314,10
100316,10
100416,10
100417,10
100419,10
100427,10
100540,10
100621,10
100690,10
100691,10
100693,10
100695,10
100696,10
100697,10
100698,10
100699,10
100701,10
100702,10
100703,10
100704,10
100705,10
100706,10
100707,10
100708,10
100710,10
100711,10
100712,10
100714,10
100716,10
100718,10
100719,10
100721,10
100723,10
100726,10
100727,10
100729,10
100733,10
100734,10
100735,10
100736,10
100737,10
100738,10
100739,10
100740,10
100741,10
100743,10
100747,10
100752,10
100755,10
100759,10
100761,10
100767,10
100769,10
100770,10
100775,10
100777,10
100779,10
100780,10
100781,10
100782,10
100785,10
100791,10
100821,10
100822,10
100824,10
100827,10
100830,10
100832,10
100838,10
100839,10
100850,10
100853,10
100854,10
100861,10
100862,10
100868,10
100870,10
100872,10
100877,10
100879,10
100880,10
100883,10
100922,10
100942,10
100946,10
100952,10
100957,10
100962,10
100975,10
101003,10
101024,10
101049,10
101050,10
101053,10
101054,10
101055,10
101056,10
101059,10
101061,10
101065,10
101066,10
101068,10
101084,10
101086,10
101087,10
101089,10
101092,10
101094,10
101095,10
101096,10
101098,10
101099,10
101103,10
101108,10
101138,10
101143,10
101144,10
101145,10
101146,10
101154,10
100001,11
100002,11
100004,11
100005,11
100006,11
100008,11
100009,11
100013,11
100014,11
100017,11
100019,11
100027,11
100029,11
100030,11
100032,11
100033,11
100034,11
100036,11
100038,11
100044,11
100045,11
100048,11
100049,11
100051,11
100054,11
100057,11
100059,11
100062,11
100063,11
100065,11
100066,11
100067,11
100068,11
100070,11
100073,11
100075,11
100076,11
100078,11
100079,11
100080,11
100084,11
100085,11
100090,11
100093,11
100095,11
100097,11
100101,11
100102,11
100106,11
100107,11
100108,11
100109,11
100111,11
100117,11
100118,11
100122,11
100124,11
100125,11
100127,11
100128,11
100129,11
100130,11
100131,11
100132,11
100133,11
100134,11
100142,11
100144,11
100147,11
100148,11
100149,11
100150,11
100151,11
100152,11
100153,11
100154,11
100155,11
100157,11
100160,11
100166,11
100168,11
100169,11
100173,11
100181,11
100190,11
100192,11
100193,11
100194,11
100196,11
100197,11
100198,11
100199,11
100204,11
100206,11
100207,11
100208,11
100213,11
100215,11
100219,11
100224,11
100228,11
100231,11
100232,11
100233,11
100234,11
100240,11
100244,11
100245,11
100248,11
100249,11
100253,11
100254,11
100257,11
100259,11
100262,11
100267,11
100268,11
100270,11
100271,11
100272,11
100273,11
100274,11
100275,11
100276,11
100277,11
100278,11
100279,11
100282,11
100284,11
100287,11
100288,11
100289,11
100290,11
100292,11
100294,11
100295,11
100296,11
100297,11
100300,11
100302,11
100304,11
100309,11
100310,11
100312,11
100314,11
100318,11
100319,11
100322,11
100325,11
100329,11
100337,11
100338,11
100339,11
100340,11
100341,11
100342,11
100343,11
100344,11
100345,11
100346,11
100347,11
100348,11
100349,11
100350,11
100351,11
100352,11
100353,11
100354,11
100355,11
100356,11
100357,11
100359,11
100360,11
100361,11
100363,11
100365,11
100366,11
100368,11
100369,11
100370,11
100371,11
100372,11
100373,11
100374,11
100375,11
100376,11
100377,11
100378,11
100379,11
100380,11
100381,11
100382,11
100383,11
100385,11
100386,11
100387,11
100388,11
100389,11
100390,11
100391,11
100393,11
100395,11
100396,11
100397,11
100399,11
100400,11
100401,11
100402,11
100403,11
100404,11
100405,11
100406,11
100409,11
100410,11
100413,11
100414,11
100415,11
100416,11
100417,11
100418,11
100419,11
100420,11
100422,11
100423,11
100427,11
100431,11
100432,11
100433,11
100436,11
100441,11
100442,11
100444,11
100450,11
100452,11
100469,11
100471,11
100475,11
100478,11
100480,11
100481,11
100484,11
100488,11
100492,11
100495,11
100502,11
100507,11
100524,11
100540,11
100549,11
100555,11
100559,11
100570,11
100572,11
100582,11
100588,11
100592,11
100593,11
100596,11
100597,11
100599,11
100600,11
100605,11
100610,11
100611,11
100616,11
100617,11
100618,11
100619,11
100623,11
100625,11
100627,11
100628,11
100630,11
100633,11
100645,11
100648,11
100649,11
100652,11
100658,11
100661,11
100670,11
100673,11
100675,11
100680,11
100685,11
100689,11
100690,11
100691,11
100692,11
100693,11
100694,11
100695,11
100696,11
100697,11
100698,11
100699,11
100700,11
100701,11
100702,11
100703,11
100704,11
100705,11
100706,11
100708,11
100709,11
100710,11
100711,11
100712,11
100713,11
100714,11
100716,11
100717,11
100718,11
100719,11
100720,11
100721,11
100722,11
100723,11
100724,11
100725,11
100726,11
100727,11
100728,11
100729,11
100730,11
100732,11
100733,11
100735,11
100736,11
100737,11
100738,11
100739,11
100740,11
100741,11
100742,11
100744,11
100745,11
100747,11
100750,11
100751,11
100752,11
100753,11
100754,11
100755,11
100756,11
100757,11
100758,11
100759,11
100760,11
100761,11
100767,11
100769,11
100770,11
100771,11
100774,11
100775,11
100776,11
100777,11
100779,11
100780,11
100781,11
100782,11
100786,11
100791,11
100809,11
100821,11
100822,11
100824,11
100827,11
100830,11
100832,11
100833,11
100837,11
100838,11
100839,11
100842,11
100846,11
100850,11
100853,11
100854,11
100856,11
100857,11
100859,11
100861,11
100862,11
100864,11
100865,11
100868,11
100869,11
100870,11
100872,11
100877,11
100879,11
100880,11
100881,11
100883,11
100887,11
100922,11
100936,11
100942,11
100946,11
100952,11
100957,11
100962,11
100975,11
100999,11
101003,11
101004,11
101009,11
101011,11
101024,11
101025,11
101026,11
101031,11
101048,11
101049,11
101050,11
101051,11
101052,11
101053,11
101054,11
101055,11
101056,11
101057,11
101058,11
101059,11
101061,11
101062,11
101064,11
101065,11
101066,11
101067,11
101068,11
101071,11
101072,11
101073,11
101074,11
101079,11
101084,11
101085,11
101086,11
101087,11
101088,11
101089,11
101092,11
101094,11
101095,11
101096,11
101100,11
101103,11
101108,11
101138,11
101143,11
101144,11
101145,11
101146,11
100001,12
100002,12
100005,12
100006,12
100008,12
100017,12
100019,12
100021,12
100022,12
100026,12
100029,12
100032,12
100038,12
100044,12
100045,12
100048,12
100049,12
100051,12
100052,12
100054,12
100059,12
100065,12
100067,12
100068,12
100073,12
100075,12
100078,12
100079,12
100080,12
100082,12
100083,12
100085,12
100090,12
100093,12
100095,12
100096,12
100101,12
100102,12
100106,12
100108,12
100111,12
100114,12
100115,12
100117,12
100118,12
100122,12
100124,12
100129,12
100130,12
100132,12
100133,12
100136,12
100144,12
100147,12
100148,12
100152,12
100154,12
100157,12
100160,12
100166,12
100168,12
100169,12
100181,12
100190,12
100193,12
100194,12
100198,12
100204,12
100206,12
100207,12
100208,12
100213,12
100215,12
100231,12
100234,12
100236,12
100240,12
100245,12
100254,12
100259,12
100264,12
100267,12
100270,12
100272,12
100275,12
100279,12
100283,12
100287,12
100288,12
100289,12
100294,12
100296,12
100300,12
100302,12
100304,12
100309,12
100310,12
100325,12
100329,12
100337,12
100338,12
100339,12
100340,12
100341,12
100342,12
100345,12
100347,12
100348,12
100349,12
100350,12
100353,12
100354,12
100357,12
100359,12
100361,12
100362,12
100363,12
100368,12
100369,12
100370,12
100371,12
100372,12
100375,12
100376,12
100377,12
100380,12
100386,12
100387,12
100389,12
100390,12
100391,12
100393,12
100394,12
100397,12
100403,12
100404,12
100405,12
100406,12
100407,12
100409,12
100410,12
100413,12
100414,12
100418,12
100419,12
100423,12
100432,12
100433,12
100436,12
100444,12
100450,12
100452,12
100472,12
100475,12
100478,12
100480,12
100481,12
100488,12
100492,12
100495,12
100496,12
100502,12
100515,12
100524,12
100549,12
100554,12
100555,12
100559,12
100570,12
100593,12
100596,12
100597,12
100600,12
100605,12
100611,12
100616,12
100617,12
100619,12
100623,12
100625,12
100626,12
100627,12
100628,12
100630,12
100633,12
100635,12
100640,12
100645,12
100648,12
100650,12
100652,12
100653,12
100658,12
100661,12
100670,12
100671,12
100673,12
100675,12
100680,12
100685,12
100689,12
100690,12
100692,12
100694,12
100695,12
100697,12
100698,12
100699,12
100700,12
100701,12
100702,12
100703,12
100705,12
100708,12
100709,12
100710,12
100711,12
100712,12
100713,12
100714,12
100718,12
100719,12
100720,12
100722,12
100724,12
100725,12
100727,12
100729,12
100730,12
100732,12
100735,12
100743,12
100745,12
100747,12
100750,12
100751,12
100752,12
100755,12
100758,12
100759,12
100760,12
100770,12
100771,12
100774,12
100775,12
100776,12
100777,12
100779,12
100780,12
100781,12
100782,12
100786,12
100821,12
100822,12
100824,12
100827,12
100830,12
100832,12
100837,12
100838,12
100839,12
100842,12
100846,12
100849,12
100854,12
100856,12
100859,12
100861,12
100862,12
100865,12
100869,12
100872,12
100877,12
100879,12
100880,12
100881,12
100883,12
100887,12
100922,12
100941,12
100942,12
100952,12
101003,12
101004,12
101009,12
101011,12
101024,12
101025,12
101026,12
101031,12
101050,12
101053,12
101054,12
101056,12
101057,12
101058,12
101059,12
101061,12
101062,12
101064,12
101065,12
101066,12
101067,12
101071,12
101074,12
101084,12
101086,12
101087,12
101088,12
101089,12
101092,12
101094,12
101095,12
101096,12
101098,12
101111,12
101113,12
101122,12
101126,12
101152,12
100029,13
100030,13
100033,13
100036,13
100044,13
100062,13
100068,13
100076,13
100080,13
100084,13
100090,13
100095,13
100122,13
100125,13
100127,13
100128,13
100129,13
100130,13
100131,13
100134,13
100148,13
100150,13
100154,13
100168,13
100190,13
100192,13
100193,13
100194,13
100196,13
100204,13
100206,13
100207,13
100208,13
100213,13
100215,13
100219,13
100224,13
100228,13
100231,13
100234,13
100236,13
100241,13
100249,13
100254,13
100257,13
100262,13
100264,13
100267,13
100270,13
100271,13
100272,13
100274,13
100275,13
100276,13
100278,13
100279,13
100282,13
100284,13
100287,13
100288,13
100289,13
100290,13
100292,13
100294,13
100295,13
100296,13
100300,13
100302,13
100309,13
100310,13
100316,13
100322,13
100329,13
100337,13
100338,13
100339,13
100340,13
100341,13
100342,13
100343,13
100344,13
100345,13
100346,13
100347,13
100348,13
100349,13
100351,13
100353,13
100354,13
100355,13
100361,13
100362,13
100365,13
100368,13
100369,13
100370,13
100371,13
100372,13
100373,13
100374,13
100376,13
100377,13
100378,13
100380,13
100381,13
100382,13
100383,13
100387,13
100388,13
100389,13
100391,13
100394,13
100396,13
100399,13
100400,13
100401,13
100403,13
100406,13
100407,13
100416,13
100417,13
100423,13
100427,13
100487,13
100492,13
100551,13
100554,13
100559,13
100571,13
100572,13
100593,13
100598,13
100625,13
100675,13
100685,13
100689,13
100692,13
100694,13
100696,13
100700,13
100701,13
100702,13
100704,13
100705,13
100708,13
100709,13
100710,13
100713,13
100717,13
100722,13
100723,13
100724,13
100725,13
100726,13
100728,13
100729,13
100730,13
100732,13
100734,13
100735,13
100736,13
100737,13
100738,13
100740,13
100741,13
100742,13
100743,13
100745,13
100747,13
100750,13
100751,13
100752,13
100753,13
100754,13
100755,13
100756,13
100757,13
100758,13
100759,13
100767,13
100770,13
100771,13
100774,13
100775,13
100776,13
100777,13
100779,13
100780,13
100781,13
100786,13
100791,13
100809,13
100832,13
100837,13
100838,13
100846,13
100850,13
100853,13
100854,13
100856,13
100857,13
100859,13
100861,13
100862,13
100864,13
100868,13
100870,13
100872,13
100877,13
100879,13
100880,13
100881,13
100883,13
100887,13
100946,13
100952,13
100954,13
100957,13
100962,13
100975,13
101064,13
101073,13
101096,13
100001,14
100002,14
100004,14
100005,14
100006,14
100008,14
100009,14
100013,14
100014,14
100016,14
100017,14
100019,14
100021,14
100022,14
100026,14
100027,14
100029,14
100034,14
100036,14
100038,14
100043,14
100044,14
100045,14
100048,14
100049,14
100052,14
100054,14
100057,14
100059,14
100062,14
100063,14
100064,14
100065,14
100066,14
100067,14
100068,14
100070,14
100073,14
100075,14
100076,14
100078,14
100080,14
100085,14
100090,14
100093,14
100095,14
100098,14
100101,14
100106,14
100108,14
100109,14
100111,14
100117,14
100118,14
100122,14
100124,14
100125,14
100129,14
100130,14
100131,14
100133,14
100142,14
100144,14
100147,14
100148,14
100149,14
100150,14
100151,14
100152,14
100153,14
100154,14
100157,14
100160,14
100166,14
100168,14
100169,14
100173,14
100181,14
100192,14
100193,14
100194,14
100196,14
100197,14
100207,14
100208,14
100213,14
100224,14
100228,14
100231,14
100234,14
100245,14
100249,14
100254,14
100257,14
100259,14
100262,14
100264,14
100267,14
100268,14
100270,14
100271,14
100272,14
100275,14
100276,14
100278,14
100279,14
100282,14
100284,14
100287,14
100289,14
100290,14
100292,14
100294,14
100295,14
100297,14
100300,14
100302,14
100310,14
100312,14
100314,14
100322,14
100329,14
100337,14
100339,14
100340,14
100341,14
100342,14
100343,14
100344,14
100345,14
100346,14
100347,14
100348,14
100351,14
100353,14
100354,14
100355,14
100357,14
100361,14
100369,14
100370,14
100372,14
100373,14
100374,14
100376,14
100377,14
100378,14
100382,14
100383,14
100389,14
100391,14
100396,14
100399,14
100400,14
100401,14
100403,14
100406,14
100417,14
100423,14
100427,14
100487,14
100488,14
100551,14
100583,14
100586,14
100587,14
100590,14
100597,14
100598,14
100617,14
100625,14
100646,14
100648,14
100670,14
100673,14
100689,14
100692,14
100693,14
100694,14
100695,14
100696,14
100698,14
100699,14
100700,14
100701,14
100702,14
100703,14
100704,14
100705,14
100708,14
100709,14
100710,14
100711,14
100712,14
100713,14
100716,14
100717,14
100719,14
100722,14
100723,14
100724,14
100725,14
100726,14
100728,14
100729,14
100732,14
100733,14
100735,14
100736,14
100737,14
100738,14
100739,14
100740,14
100741,14
100742,14
100743,14
100744,14
100745,14
100747,14
100750,14
100751,14
100752,14
100753,14
100754,14
100755,14
100756,14
100757,14
100758,14
100759,14
100761,14
100767,14
100771,14
100774,14
100775,14
100777,14
100779,14
100780,14
100781,14
100791,14
100809,14
100821,14
100822,14
100824,14
100827,14
100830,14
100832,14
100837,14
100838,14
100839,14
100846,14
100850,14
100853,14
100854,14
100856,14
100857,14
100859,14
100861,14
100862,14
100864,14
100868,14
100869,14
100870,14
100872,14
100877,14
100879,14
100880,14
100887,14
100922,14
100942,14
100946,14
100954,14
100957,14
100962,14
100975,14
101048,14
101049,14
101050,14
101053,14
101056,14
101057,14
101059,14
101064,14
101065,14
101066,14
101067,14
101068,14
101074,14
101084,14
101085,14
101086,14
101087,14
101092,14
101096,14
101098,14
101099,14
100001,15
100002,15
100003,15
100004,15
100005,15
100007,15
100008,15
100009,15
100013,15
100014,15
100015,15
100021,15
100022,15
100026,15
100029,15
100030,15
100031,15
100034,15
100036,15
100038,15
100043,15
100044,15
100045,15
100048,15
100049,15
100051,15
100052,15
100054,15
100057,15
100059,15
100063,15
100066,15
100067,15
100068,15
100070,15
100072,15
100074,15
100075,15
100076,15
100078,15
100079,15
100080,15
100090,15
100093,15
100095,15
100097,15
100101,15
100102,15
100109,15
100111,15
100114,15
100115,15
100117,15
100118,15
100119,15
100121,15
100122,15
100125,15
100129,15
100130,15
100131,15
100132,15
100133,15
100134,15
100142,15
100148,15
100149,15
100151,15
100153,15
100154,15
100155,15
100157,15
100166,15
100168,15
100169,15
100173,15
100190,15
100192,15
100193,15
100194,15
100196,15
100197,15
100198,15
100204,15
100206,15
100207,15
100208,15
100209,15
100213,15
100215,15
100224,15
100228,15
100231,15
100234,15
100240,15
100244,15
100245,15
100248,15
100249,15
100254,15
100256,15
100257,15
100259,15
100262,15
100264,15
100268,15
100270,15
100271,15
100272,15
100273,15
100275,15
100276,15
100277,15
100278,15
100279,15
100282,15
100283,15
100284,15
100287,15
100289,15
100290,15
100292,15
100294,15
100295,15
100297,15
100300,15
100304,15
100309,15
100310,15
100311,15
100312,15
100314,15
100318,15
100319,15
100322,15
100325,15
100329,15
100337,15
100338,15
100339,15
100340,15
100341,15
100342,15
100343,15
100344,15
100345,15
100346,15
100347,15
100348,15
100349,15
100350,15
100351,15
100352,15
100353,15
100354,15
100355,15
100357,15
100359,15
100360,15
100361,15
100362,15
100363,15
100364,15
100366,15
100368,15
100370,15
100371,15
100372,15
100374,15
100375,15
100376,15
100377,15
100378,15
100379,15
100380,15
100381,15
100382,15
100383,15
100385,15
100386,15
100387,15
100388,15
100389,15
100390,15
100391,15
100393,15
100394,15
100395,15
100396,15
100397,15
100399,15
100400,15
100401,15
100402,15
100403,15
100404,15
100405,15
100406,15
100407,15
100408,15
100409,15
100411,15
100412,15
100413,15
100414,15
100415,15
100416,15
100417,15
100418,15
100419,15
100420,15
100422,15
100423,15
100424,15
100427,15
100431,15
100432,15
100433,15
100441,15
100450,15
100452,15
100469,15
100471,15
100475,15
100478,15
100480,15
100484,15
100488,15
100492,15
100493,15
100494,15
100495,15
100501,15
100502,15
100507,15
100515,15
100524,15
100526,15
100535,15
100540,15
100548,15
100549,15
100554,15
100555,15
100559,15
100567,15
100570,15
100582,15
100584,15
100588,15
100592,15
100593,15
100596,15
100597,15
100599,15
100600,15
100604,15
100605,15
100608,15
100611,15
100616,15
100617,15
100618,15
100619,15
100623,15
100625,15
100626,15
100627,15
100628,15
100630,15
100631,15
100633,15
100640,15
100645,15
100648,15
100649,15
100650,15
100652,15
100653,15
100655,15
100658,15
100670,15
100671,15
100673,15
100675,15
100685,15
100688,15
100689,15
100690,15
100691,15
100692,15
100693,15
100694,15
100695,15
100696,15
100697,15
100698,15
100699,15
100700,15
100701,15
100702,15
100703,15
100704,15
100705,15
100706,15
100708,15
100709,15
100711,15
100712,15
100713,15
100715,15
100716,15
100717,15
100718,15
100719,15
100721,15
100722,15
100723,15
100724,15
100725,15
100726,15
100727,15
100728,15
100729,15
100730,15
100732,15
100733,15
100734,15
100735,15
100736,15
100738,15
100739,15
100740,15
100741,15
100742,15
100743,15
100744,15
100745,15
100747,15
100750,15
100751,15
100753,15
100754,15
100755,15
100757,15
100758,15
100759,15
100760,15
100761,15
100764,15
100767,15
100769,15
100770,15
100771,15
100773,15
100775,15
100776,15
100777,15
100779,15
100780,15
100781,15
100782,15
100791,15
100809,15
100817,15
100821,15
100822,15
100824,15
100827,15
100830,15
100832,15
100833,15
100837,15
100838,15
100839,15
100842,15
100846,15
100849,15
100850,15
100853,15
100854,15
100856,15
100859,15
100861,15
100862,15
100868,15
100869,15
100870,15
100871,15
100872,15
100877,15
100879,15
100880,15
100881,15
100883,15
100887,15
100895,15
100898,15
100900,15
100901,15
100905,15
100906,15
100907,15
100910,15
100918,15
100921,15
100922,15
100924,15
100927,15
100931,15
100941,15
100942,15
100946,15
100952,15
100954,15
100957,15
100962,15
100972,15
100973,15
100975,15
100999,15
101003,15
101004,15
101005,15
101006,15
101007,15
101009,15
101011,15
101013,15
101015,15
101017,15
101020,15
101024,15
101025,15
101026,15
101027,15
101028,15
101029,15
101031,15
101032,15
101035,15
101037,15
101043,15
101044,15
101049,15
101050,15
101051,15
101053,15
101054,15
101055,15
101056,15
101057,15
101058,15
101059,15
101061,15
101062,15
101064,15
101065,15
101066,15
101067,15
101068,15
101069,15
101071,15
101072,15
101074,15
101077,15
101079,15
101084,15
101085,15
101086,15
101087,15
101088,15
101092,15
101094,15
101095,15
101099,15
101103,15
101108,15
101115,15
101138,15
101143,15
101144,15
101145,15
101154,15
100001,16
100002,16
100004,16
100005,16
100006,16
100008,16
100012,16
100015,16
100016,16
100017,16
100019,16
100022,16
100023,16
100026,16
100027,16
100029,16
100030,16
100033,16
100035,16
100036,16
100043,16
100044,16
100045,16
100048,16
100049,16
100051,16
100052,16
100054,16
100057,16
100059,16
100063,16
100066,16
100067,16
100068,16
100075,16
100077,16
100078,16
100079,16
100080,16
100084,16
100085,16
100090,16
100093,16
100095,16
100098,16
100101,16
100106,16
100107,16
100108,16
100109,16
100114,16
100115,16
100117,16
100118,16
100122,16
100124,16
100126,16
100127,16
100128,16
100129,16
100130,16
100131,16
100132,16
100133,16
100134,16
100142,16
100144,16
100147,16
100148,16
100149,16
100150,16
100151,16
100152,16
100153,16
100154,16
100157,16
100160,16
100166,16
100168,16
100169,16
100197,16
100213,16
100241,16
100242,16
100272,16
100287,16
100288,16
100294,16
100302,16
100310,16
100311,16
100314,16
100316,16
100417,16
100488,16
100492,16
100502,16
100504,16
100540,16
100554,16
100593,16
100597,16
100617,16
100626,16
100648,16
100650,16
100655,16
100658,16
100670,16
100673,16
100675,16
100685,16
100696,16
100701,16
100704,16
100705,16
100710,16
100713,16
100721,16
100723,16
100729,16
100734,16
100735,16
100736,16
100737,16
100738,16
100740,16
100741,16
100743,16
100747,16
100752,16
100755,16
100759,16
100761,16
100767,16
100771,16
100775,16
100777,16
100779,16
100780,16
100781,16
100785,16
100791,16
100821,16
100822,16
100824,16
100827,16
100830,16
100832,16
100838,16
100839,16
100850,16
100853,16
100854,16
100861,16
100862,16
100868,16
100869,16
100870,16
100872,16
100877,16
100879,16
100880,16
100883,16
100895,16
100898,16
100900,16
100907,16
100918,16
100921,16
100922,16
100924,16
100927,16
100928,16
100931,16
100946,16
100949,16
100952,16
100957,16
100962,16
100963,16
100972,16
100973,16
100975,16
101006,16
101015,16
101016,16
101017,16
101045,16
101049,16
101050,16
101053,16
101054,16
101056,16
101057,16
101058,16
101059,16
101061,16
101065,16
101066,16
101068,16
101073,16
101077,16
101084,16
101086,16
101087,16
101089,16
101094,16
101096,16
101103,16
101108,16
101138,16
101143,16
101144,16
101145,16
100029,17
100030,17
100033,17
100036,17
100044,17
100062,17
100068,17
100076,17
100080,17
100084,17
100090,17
100095,17
100097,17
100102,17
100111,17
100122,17
100127,17
100128,17
100129,17
100130,17
100131,17
100134,17
100148,17
100154,17
100168,17
100213,17
100228,17
100249,17
100253,17
100257,17
100259,17
100268,17
100273,17
100274,17
100278,17
100283,17
100287,17
100288,17
100289,17
100290,17
100294,17
100295,17
100296,17
100302,17
100310,17
100311,17
100316,17
100318,17
100319,17
100394,17
100407,17
100417,17
100696,17
100702,17
100704,17
100705,17
100708,17
100710,17
100713,17
100721,17
100723,17
100726,17
100729,17
100732,17
100735,17
100736,17
100737,17
100738,17
100740,17
100741,17
100743,17
100747,17
100753,17
100755,17
100757,17
100759,17
100760,17
100761,17
100767,17
100769,17
100771,17
100775,17
100777,17
100779,17
100780,17
100781,17
100782,17
100785,17
100791,17
100821,17
100822,17
100824,17
100827,17
100830,17
100832,17
100837,17
100838,17
100839,17
100846,17
100850,17
100853,17
100854,17
100856,17
100857,17
100859,17
100861,17
100862,17
100868,17
100870,17
100872,17
100877,17
100879,17
100881,17
100883,17
100887,17
100922,17
100941,17
100946,17
100952,17
100954,17
100957,17
100975,17
101017,17
101021,17
101045,17
101053,17
101055,17
101061,17
101062,17
101064,17
101071,17
101072,17
101073,17
101077,17
101084,17
101086,17
101087,17
101096,17
101098,17
100001,19
100002,19
100004,19
100005,19
100006,19
100007,19
100008,19
100009,19
100013,19
100014,19
100015,19
100019,19
100020,19
100021,19
100022,19
100026,19
100029,19
100030,19
100031,19
100032,19
100034,19
100036,19
100038,19
100043,19
100044,19
100045,19
100048,19
100049,19
100051,19
100052,19
100054,19
100057,19
100059,19
100063,19
100066,19
100068,19
100070,19
100072,19
100074,19
100075,19
100076,19
100078,19
100079,19
100080,19
100084,19
100085,19
100090,19
100093,19
100095,19
100097,19
100101,19
100102,19
100106,19
100108,19
100109,19
100111,19
100114,19
100117,19
100118,19
100119,19
100122,19
100124,19
100125,19
100129,19
100130,19
100131,19
100132,19
100133,19
100134,19
100142,19
100147,19
100148,19
100149,19
100150,19
100151,19
100152,19
100153,19
100154,19
100155,19
100157,19
100160,19
100166,19
100168,19
100169,19
100173,19
100190,19
100192,19
100193,19
100194,19
100196,19
100197,19
100198,19
100204,19
100206,19
100207,19
100208,19
100209,19
100213,19
100215,19
100223,19
100224,19
100228,19
100231,19
100234,19
100236,19
100244,19
100245,19
100249,19
100254,19
100256,19
100257,19
100259,19
100262,19
100267,19
100268,19
100270,19
100272,19
100273,19
100275,19
100276,19
100277,19
100278,19
100279,19
100280,19
100282,19
100283,19
100284,19
100287,19
100289,19
100290,19
100292,19
100294,19
100295,19
100297,19
100300,19
100309,19
100310,19
100311,19
100312,19
100314,19
100318,19
100319,19
100325,19
100329,19
100337,19
100338,19
100339,19
100340,19
100341,19
100342,19
100344,19
100345,19
100346,19
100347,19
100348,19
100349,19
100350,19
100351,19
100352,19
100354,19
100355,19
100357,19
100359,19
100360,19
100361,19
100362,19
100363,19
100364,19
100366,19
100368,19
100369,19
100370,19
100371,19
100372,19
100374,19
100375,19
100376,19
100377,19
100378,19
100379,19
100380,19
100381,19
100382,19
100383,19
100385,19
100386,19
100387,19
100388,19
100389,19
100390,19
100391,19
100393,19
100394,19
100395,19
100397,19
100400,19
100401,19
100402,19
100403,19
100404,19
100405,19
100406,19
100407,19
100408,19
100409,19
100410,19
100411,19
100412,19
100413,19
100414,19
100415,19
100416,19
100417,19
100418,19
100419,19
100422,19
100423,19
100427,19
100431,19
100433,19
100444,19
100450,19
100452,19
100469,19
100478,19
100480,19
100484,19
100488,19
100492,19
100493,19
100495,19
100501,19
100502,19
100504,19
100507,19
100508,19
100511,19
100513,19
100521,19
100524,19
100540,19
100549,19
100554,19
100555,19
100557,19
100559,19
100570,19
100571,19
100572,19
100575,19
100577,19
100585,19
100589,19
100592,19
100593,19
100596,19
100597,19
100599,19
100600,19
100605,19
100608,19
100609,19
100616,19
100617,19
100618,19
100623,19
100625,19
100627,19
100630,19
100633,19
100645,19
100648,19
100649,19
100652,19
100661,19
100670,19
100673,19
100675,19
100689,19
100690,19
100691,19
100692,19
100693,19
100694,19
100695,19
100696,19
100697,19
100698,19
100699,19
100700,19
100701,19
100702,19
100703,19
100704,19
100705,19
100706,19
100707,19
100708,19
100709,19
100711,19
100712,19
100714,19
100715,19
100716,19
100717,19
100719,19
100720,19
100721,19
100722,19
100723,19
100724,19
100725,19
100727,19
100728,19
100729,19
100730,19
100731,19
100732,19
100733,19
100734,19
100735,19
100737,19
100738,19
100739,19
100740,19
100741,19
100742,19
100743,19
100744,19
100745,19
100746,19
100747,19
100750,19
100751,19
100752,19
100753,19
100754,19
100755,19
100756,19
100758,19
100759,19
100760,19
100761,19
100762,19
100767,19
100769,19
100770,19
100773,19
100775,19
100776,19
100777,19
100779,19
100780,19
100781,19
100782,19
100785,19
100809,19
100817,19
100821,19
100824,19
100827,19
100830,19
100832,19
100833,19
100837,19
100838,19
100839,19
100842,19
100846,19
100849,19
100850,19
100854,19
100856,19
100857,19
100859,19
100861,19
100862,19
100864,19
100865,19
100868,19
100870,19
100871,19
100872,19
100874,19
100877,19
100879,19
100880,19
100881,19
100883,19
100884,19
100887,19
100895,19
100898,19
100900,19
100906,19
100907,19
100910,19
100911,19
100918,19
100922,19
100927,19
100928,19
100931,19
100936,19
100942,19
100946,19
100952,19
100962,19
100972,19
100973,19
100999,19
101003,19
101004,19
101006,19
101008,19
101009,19
101011,19
101013,19
101015,19
101017,19
101024,19
101025,19
101026,19
101027,19
101031,19
101043,19
101044,19
101045,19
101049,19
101050,19
101051,19
101053,19
101054,19
101055,19
101056,19
101057,19
101058,19
101059,19
101061,19
101062,19
101064,19
101065,19
101066,19
101068,19
101071,19
101072,19
101074,19
101077,19
101079,19
101084,19
101085,19
101086,19
101087,19
101088,19
101092,19
101094,19
101095,19
101099,19
101103,19
101108,19
101115,19
101116,19
101138,19
101143,19
101144,19
101145,19
101148,19
101154,19
100029,20
100030,20
100033,20
100036,20
100044,20
100076,20
100080,20
100084,20
100090,20
100095,20
100097,20
100102,20
100111,20
100122,20
100125,20
100127,20
100128,20
100129,20
100130,20
100131,20
100134,20
100148,20
100154,20
100194,20
100197,20
100213,20
100228,20
100241,20
100242,20
100272,20
100283,20
100287,20
100288,20
100292,20
100294,20
100302,20
100310,20
100311,20
100316,20
100417,20
100488,20
100502,20
100507,20
100515,20
100648,20
100670,20
100673,20
100675,20
100696,20
100702,20
100705,20
100708,20
100710,20
100713,20
100715,20
100721,20
100723,20
100726,20
100729,20
100736,20
100737,20
100738,20
100740,20
100747,20
100755,20
100759,20
100761,20
100762,20
100767,20
100769,20
100771,20
100775,20
100777,20
100781,20
100782,20
100785,20
100791,20
100821,20
100822,20
100824,20
100827,20
100832,20
100833,20
100838,20
100839,20
100850,20
100853,20
100854,20
100861,20
100862,20
100868,20
100870,20
100872,20
100877,20
100879,20
100880,20
100883,20
100937,20
100941,20
100946,20
100950,20
100951,20
100952,20
100957,20
100960,20
100962,20
100975,20
100976,20
101003,20
101004,20
101008,20
101009,20
101011,20
101012,20
101013,20
101017,20
101024,20
101026,20
101027,20
101031,20
101032,20
101043,20
101044,20
101045,20
101053,20
101055,20
101057,20
101069,20
101073,20
101074,20
101084,20
101085,20
101086,20
101087,20
101096,20
101098,20
100001,21
100002,21
100004,21
100005,21
100006,21
100008,21
100009,21
100010,21
100012,21
100014,21
100015,21
100016,21
100017,21
100019,21
100021,21
100022,21
100026,21
100027,21
100029,21
100030,21
100032,21
100033,21
100034,21
100036,21
100038,21
100043,21
100044,21
100045,21
100048,21
100049,21
100051,21
100052,21
100053,21
100054,21
100057,21
100062,21
100063,21
100065,21
100066,21
100067,21
100068,21
100071,21
100073,21
100074,21
100075,21
100076,21
100077,21
100078,21
100080,21
100083,21
100084,21
100085,21
100089,21
100090,21
100093,21
100095,21
100097,21
100098,21
100101,21
100102,21
100103,21
100106,21
100107,21
100108,21
100109,21
100111,21
100115,21
100117,21
100118,21
100119,21
100122,21
100124,21
100125,21
100127,21
100128,21
100129,21
100130,21
100131,21
100132,21
100133,21
100134,21
100142,21
100144,21
100147,21
100148,21
100149,21
100151,21
100152,21
100153,21
100154,21
100155,21
100157,21
100160,21
100166,21
100168,21
100169,21
100173,21
100181,21
100190,21
100192,21
100193,21
100194,21
100196,21
100197,21
100199,21
100204,21
100206,21
100207,21
100208,21
100213,21
100215,21
100224,21
100231,21
100234,21
100241,21
100242,21
100245,21
100248,21
100249,21
100254,21
100256,21
100257,21
100259,21
100262,21
100267,21
100268,21
100270,21
100271,21
100272,21
100273,21
100274,21
100275,21
100276,21
100278,21
100279,21
100282,21
100283,21
100284,21
100287,21
100288,21
100289,21
100290,21
100292,21
100294,21
100295,21
100297,21
100302,21
100309,21
100310,21
100311,21
100312,21
100314,21
100316,21
100318,21
100319,21
100322,21
100325,21
100329,21
100337,21
100338,21
100339,21
100340,21
100341,21
100342,21
100343,21
100344,21
100345,21
100346,21
100347,21
100348,21
100349,21
100350,21
100351,21
100352,21
100353,21
100354,21
100355,21
100357,21
100359,21
100360,21
100361,21
100362,21
100363,21
100364,21
100365,21
100366,21
100368,21
100369,21
100370,21
100371,21
100372,21
100374,21
100375,21
100376,21
100377,21
100378,21
100379,21
100380,21
100381,21
100382,21
100383,21
100384,21
100385,21
100386,21
100387,21
100388,21
100389,21
100390,21
100391,21
100393,21
100394,21
100395,21
100396,21
100397,21
100400,21
100401,21
100402,21
100403,21
100404,21
100405,21
100406,21
100407,21
100408,21
100409,21
100410,21
100411,21
100412,21
100413,21
100414,21
100415,21
100416,21
100417,21
100418,21
100419,21
100420,21
100422,21
100423,21
100427,21
100431,21
100432,21
100433,21
100441,21
100450,21
100452,21
100469,21
100471,21
100473,21
100475,21
100478,21
100480,21
100481,21
100484,21
100488,21
100492,21
100493,21
100495,21
100502,21
100507,21
100514,21
100522,21
100524,21
100526,21
100527,21
100537,21
100540,21
100543,21
100549,21
100554,21
100555,21
100559,21
100565,21
100570,21
100588,21
100592,21
100593,21
100596,21
100597,21
100599,21
100600,21
100611,21
100615,21
100616,21
100617,21
100618,21
100620,21
100623,21
100625,21
100627,21
100628,21
100630,21
100633,21
100645,21
100648,21
100649,21
100652,21
100653,21
100658,21
100661,21
100669,21
100670,21
100673,21
100675,21
100680,21
100685,21
100687,21
100689,21
100690,21
100691,21
100692,21
100693,21
100694,21
100695,21
100696,21
100697,21
100698,21
100699,21
100700,21
100701,21
100702,21
100703,21
100705,21
100706,21
100707,21
100708,21
100709,21
100710,21
100711,21
100712,21
100713,21
100714,21
100715,21
100716,21
100718,21
100719,21
100721,21
100722,21
100723,21
100724,21
100725,21
100727,21
100728,21
100729,21
100730,21
100732,21
100733,21
100735,21
100736,21
100737,21
100738,21
100740,21
100741,21
100742,21
100743,21
100744,21
100745,21
100747,21
100750,21
100751,21
100753,21
100754,21
100755,21
100757,21
100758,21
100759,21
100760,21
100761,21
100767,21
100769,21
100770,21
100771,21
100774,21
100775,21
100776,21
100777,21
100779,21
100780,21
100781,21
100782,21
100785,21
100786,21
100791,21
100809,21
100817,21
100821,21
100822,21
100824,21
100827,21
100830,21
100831,21
100832,21
100833,21
100837,21
100838,21
100839,21
100842,21
100846,21
100850,21
100853,21
100854,21
100856,21
100857,21
100859,21
100861,21
100862,21
100864,21
100868,21
100869,21
100870,21
100872,21
100874,21
100877,21
100879,21
100880,21
100881,21
100883,21
100887,21
100922,21
100936,21
100941,21
100942,21
100946,21
100952,21
100954,21
100999,21
101013,21
101017,21
101027,21
101029,21
101032,21
101037,21
101044,21
101048,21
101049,21
101050,21
101051,21
101053,21
101054,21
101055,21
101056,21
101057,21
101059,21
101062,21
101065,21
101066,21
101068,21
101069,21
101071,21
101072,21
101073,21
101074,21
101077,21
101084,21
101086,21
101087,21
101089,21
101092,21
101094,21
101095,21
101096,21
101098,21
101099,21
101103,21
101107,21
101108,21
101114,21
101121,21
101138,21
101139,21
101140,21
101143,21
101144,21
101145,21
101146,21
101151,21
101154,21
100001,22
100002,22
100004,22
100005,22
100006,22
100007,22
100008,22
100009,22
100010,22
100012,22
100013,22
100014,22
100015,22
100016,22
100017,22
100019,22
100020,22
100021,22
100022,22
100023,22
100026,22
100027,22
100028,22
100029,22
100030,22
100031,22
100032,22
100033,22
100034,22
100036,22
100038,22
100039,22
100043,22
100044,22
100045,22
100048,22
100049,22
100051,22
100052,22
100053,22
100054,22
100056,22
100057,22
100059,22
100063,22
100064,22
100065,22
100066,22
100067,22
100068,22
100069,22
100070,22
100071,22
100073,22
100074,22
100075,22
100076,22
100077,22
100078,22
100079,22
100080,22
100081,22
100083,22
100084,22
100085,22
100087,22
100089,22
100090,22
100093,22
100094,22
100095,22
100097,22
100098,22
100101,22
100102,22
100103,22
100105,22
100106,22
100107,22
100108,22
100109,22
100111,22
100114,22
100115,22
100117,22
100118,22
100119,22
100122,22
100124,22
100125,22
100126,22
100127,22
100128,22
100129,22
100130,22
100131,22
100132,22
100133,22
100134,22
100136,22
100141,22
100142,22
100144,22
100147,22
100148,22
100149,22
100150,22
100151,22
100152,22
100153,22
100154,22
100155,22
100157,22
100160,22
100166,22
100168,22
100169,22
100173,22
100181,22
100190,22
100192,22
100193,22
100194,22
100196,22
100197,22
100198,22
100204,22
100206,22
100207,22
100208,22
100209,22
100213,22
100215,22
100222,22
100223,22
100224,22
100225,22
100228,22
100230,22
100231,22
100233,22
100234,22
100236,22
100239,22
100240,22
100241,22
100242,22
100244,22
100245,22
100248,22
100249,22
100254,22
100255,22
100256,22
100257,22
100259,22
100262,22
100264,22
100267,22
100268,22
100270,22
100271,22
100272,22
100273,22
100274,22
100275,22
100276,22
100277,22
100278,22
100279,22
100280,22
100282,22
100283,22
100284,22
100287,22
100288,22
100289,22
100290,22
100292,22
100294,22
100295,22
100296,22
100297,22
100300,22
100302,22
100304,22
100309,22
100310,22
100311,22
100312,22
100314,22
100316,22
100318,22
100319,22
100322,22
100325,22
100329,22
100337,22
100338,22
100339,22
100340,22
100341,22
100342,22
100343,22
100344,22
100345,22
100346,22
100347,22
100348,22
100349,22
100350,22
100351,22
100352,22
100354,22
100355,22
100356,22
100357,22
100359,22
100360,22
100361,22
100363,22
100364,22
100365,22
100366,22
100368,22
100369,22
100370,22
100371,22
100372,22
100374,22
100375,22
100376,22
100377,22
100378,22
100379,22
100380,22
100381,22
100382,22
100383,22
100385,22
100386,22
100387,22
100388,22
100389,22
100390,22
100391,22
100393,22
100394,22
100395,22
100396,22
100397,22
100398,22
100400,22
100401,22
100402,22
100404,22
100405,22
100406,22
100407,22
100408,22
100409,22
100410,22
100411,22
100412,22
100413,22
100414,22
100415,22
100416,22
100417,22
100418,22
100419,22
100420,22
100422,22
100423,22
100427,22
100431,22
100432,22
100433,22
100436,22
100441,22
100442,22
100444,22
100450,22
100452,22
100469,22
100471,22
100472,22
100475,22
100478,22
100480,22
100484,22
100487,22
100488,22
100492,22
100493,22
100495,22
100496,22
100501,22
100502,22
100504,22
100507,22
100508,22
100510,22
100511,22
100512,22
100513,22
100515,22
100518,22
100520,22
100521,22
100524,22
100535,22
100540,22
100548,22
100549,22
100550,22
100554,22
100555,22
100557,22
100559,22
100562,22
100564,22
100568,22
100570,22
100571,22
100575,22
100577,22
100579,22
100584,22
100585,22
100587,22
100588,22
100589,22
100592,22
100593,22
100595,22
100596,22
100597,22
100598,22
100599,22
100600,22
100602,22
100604,22
100605,22
100606,22
100608,22
100609,22
100610,22
100611,22
100616,22
100617,22
100618,22
100619,22
100620,22
100623,22
100625,22
100626,22
100627,22
100628,22
100630,22
100631,22
100632,22
100633,22
100634,22
100641,22
100645,22
100648,22
100649,22
100650,22
100652,22
100653,22
100655,22
100657,22
100658,22
100660,22
100663,22
100669,22
100670,22
100671,22
100673,22
100675,22
100676,22
100684,22
100685,22
100689,22
100690,22
100691,22
100692,22
100693,22
100694,22
100695,22
100696,22
100697,22
100698,22
100699,22
100700,22
100701,22
100702,22
100703,22
100704,22
100705,22
100706,22
100707,22
100708,22
100709,22
100710,22
100711,22
100712,22
100713,22
100714,22
100715,22
100716,22
100717,22
100719,22
100721,22
100722,22
100723,22
100724,22
100725,22
100726,22
100727,22
100728,22
100729,22
100730,22
100731,22
100732,22
100733,22
100734,22
100735,22
100736,22
100737,22
100738,22
100739,22
100740,22
100741,22
100742,22
100743,22
100744,22
100745,22
100747,22
100750,22
100751,22
100752,22
100753,22
100754,22
100755,22
100756,22
100757,22
100758,22
100759,22
100760,22
100761,22
100762,22
100764,22
100767,22
100769,22
100770,22
100771,22
100775,22
100776,22
100777,22
100778,22
100779,22
100780,22
100781,22
100782,22
100784,22
100785,22
100791,22
100809,22
100817,22
100818,22
100821,22
100822,22
100824,22
100827,22
100830,22
100832,22
100833,22
100836,22
100837,22
100838,22
100839,22
100842,22
100846,22
100849,22
100850,22
100853,22
100854,22
100855,22
100856,22
100857,22
100859,22
100861,22
100862,22
100864,22
100865,22
100868,22
100869,22
100870,22
100871,22
100872,22
100877,22
100879,22
100880,22
100881,22
100883,22
100884,22
100885,22
100887,22
100895,22
100898,22
100900,22
100901,22
100905,22
100906,22
100907,22
100910,22
100911,22
100918,22
100921,22
100922,22
100924,22
100927,22
100928,22
100931,22
100936,22
100939,22
100941,22
100942,22
100946,22
100952,22
100954,22
100957,22
100962,22
100963,22
100970,22
100975,22
100976,22
100977,22
100992,22
100994,22
100995,22
100996,22
100999,22
101000,22
101001,22
101003,22
101004,22
101005,22
101007,22
101008,22
101009,22
101010,22
101011,22
101015,22
101017,22
101024,22
101026,22
101031,22
101033,22
101043,22
101045,22
101048,22
101049,22
101050,22
101051,22
101053,22
101054,22
101055,22
101056,22
101057,22
101058,22
101059,22
101061,22
101062,22
101064,22
101065,22
101066,22
101068,22
101069,22
101071,22
101072,22
101073,22
101074,22
101077,22
101079,22
101084,22
101086,22
101087,22
101088,22
101089,22
101092,22
101093,22
101094,22
101095,22
101096,22
101098,22
101099,22
101103,22
101105,22
101106,22
101107,22
101108,22
101112,22
101114,22
101115,22
101116,22
101119,22
101121,22
101125,22
101127,22
101128,22
101129,22
101131,22
101134,22
101135,22
101137,22
101138,22
101139,22
101140,22
101141,22
101143,22
101144,22
101145,22
101147,22
101148,22
101154,22
100002,23
100004,23
100005,23
100006,23
100008,23
100009,23
100010,23
100012,23
100013,23
100014,23
100015,23
100016,23
100017,23
100019,23
100021,23
100022,23
100026,23
100027,23
100029,23
100032,23
100033,23
100034,23
100036,23
100038,23
100043,23
100044,23
100045,23
100048,23
100049,23
100051,23
100052,23
100053,23
100054,23
100057,23
100063,23
100065,23
100066,23
100067,23
100068,23
100071,23
100073,23
100074,23
100075,23
100076,23
100077,23
100078,23
100079,23
100080,23
100083,23
100084,23
100085,23
100087,23
100089,23
100090,23
100093,23
100095,23
100098,23
100101,23
100102,23
100103,23
100106,23
100107,23
100108,23
100109,23
100114,23
100115,23
100117,23
100118,23
100119,23
100122,23
100124,23
100127,23
100128,23
100129,23
100130,23
100131,23
100132,23
100133,23
100142,23
100144,23
100147,23
100148,23
100149,23
100151,23
100152,23
100153,23
100154,23
100155,23
100160,23
100168,23
100173,23
100181,23
100241,23
100242,23
100249,23
100257,23
100268,23
100274,23
100278,23
100283,23
100287,23
100288,23
100289,23
100290,23
100294,23
100295,23
100302,23
100310,23
100311,23
100314,23
100316,23
100325,23
100417,23
100540,23
100696,23
100701,23
100702,23
100704,23
100705,23
100708,23
100710,23
100713,23
100721,23
100723,23
100726,23
100729,23
100732,23
100734,23
100735,23
100736,23
100737,23
100738,23
100740,23
100741,23
100743,23
100747,23
100755,23
100759,23
100760,23
100761,23
100767,23
100769,23
100771,23
100775,23
100777,23
100779,23
100780,23
100781,23
100782,23
100785,23
100791,23
100818,23
100821,23
100822,23
100824,23
100827,23
100830,23
100832,23
100837,23
100838,23
100839,23
100846,23
100850,23
100853,23
100854,23
100859,23
100861,23
100862,23
100864,23
100868,23
100870,23
100872,23
100877,23
100879,23
100880,23
100883,23
100887,23
100922,23
100941,23
100946,23
100952,23
100957,23
100962,23
100963,23
100975,23
100976,23
101017,23
101050,23
101053,23
101054,23
101055,23
101056,23
101059,23
101061,23
101065,23
101066,23
101073,23
101077,23
101084,23
101086,23
101087,23
101089,23
101092,23
101094,23
101099,23
101103,23
101106,23
101108,23
101112,23
101116,23
101119,23
101125,23
101127,23
101129,23
101131,23
101137,23
101138,23
101141,23
101143,23
101144,23
101145,23
101147,23
101148,23
101154,23
100190,24
100197,24
100213,24
100228,24
100234,24
100309,24
100732,24
100738,24
100769,24
100830,24
100854,24
100857,24
100859,24
100870,24
100879,24
101025,24
101064,24
101072,24
